/*
 Navicat Premium Data Transfer

 Source Server         : Anolis
 Source Server Type    : MySQL
 Source Server Version : 80400
 Source Host           : 192.168.75.129:3306
 Source Schema         : smart_wash

 Target Server Type    : MySQL
 Target Server Version : 80400
 File Encoding         : 65001

 Date: 12/04/2025 22:35:50
*/

SET NAMES utf8mb4;
SET FOREIGN_KEY_CHECKS = 0;

-- ----------------------------
-- Table structure for admin_users
-- ----------------------------
DROP TABLE IF EXISTS `admin_users`;
CREATE TABLE `admin_users`  (
  `admin_id` bigint NOT NULL AUTO_INCREMENT,
  `username` varchar(100) CHARACTER SET utf16 COLLATE utf16_bin NOT NULL,
  `password_hash` varchar(255) CHARACTER SET utf16 COLLATE utf16_bin NOT NULL,
  `role_id` int NOT NULL,
  `created_at` timestamp NULL DEFAULT CURRENT_TIMESTAMP,
  PRIMARY KEY (`admin_id`) USING BTREE,
  UNIQUE INDEX `username`(`username` ASC) USING BTREE
) ENGINE = InnoDB AUTO_INCREMENT = 3 CHARACTER SET = utf16 COLLATE = utf16_bin ROW_FORMAT = Dynamic;

-- ----------------------------
-- Records of admin_users
-- ----------------------------
INSERT INTO `admin_users` VALUES (1, 'root', '$2a$10$mmC5QCrgV67kdBLYitSLbes2eB3Jwejj.lUVq4Abfa5PlP5HFIM0u', 1, '2025-03-09 11:17:54');
INSERT INTO `admin_users` VALUES (2, 'admin', 'a66abb5684c45962d887564f08346e8d', 2, '2025-03-09 12:25:16');
INSERT INTO `admin_users` VALUES (3, 'lisi', '$2a$10$AQGk1nZRxKPb4LP/rY7pz.aCsmDvBp7HrIo4HFlpyfBbhig0SkxoK', 2, '2025-03-09 12:29:48');

-- ----------------------------
-- Table structure for coupon
-- ----------------------------
DROP TABLE IF EXISTS `coupon`;
CREATE TABLE `coupon`  (
  `coupon_id` bigint NOT NULL AUTO_INCREMENT COMMENT '优惠券 ID',
  `title` varchar(50) CHARACTER SET utf16 COLLATE utf16_bin NOT NULL COMMENT '标题',
  `description` varchar(100) CHARACTER SET utf16 COLLATE utf16_bin NULL DEFAULT NULL COMMENT '优惠券说明',
  `discount` decimal(10, 2) NOT NULL COMMENT '优惠金额',
  `threshold` decimal(10, 2) NOT NULL COMMENT '使用门槛',
  `start_time` timestamp NOT NULL COMMENT '开始时间',
  `end_time` timestamp NOT NULL COMMENT '结束时间',
  `is_new_user` tinyint(1) NULL DEFAULT 0 COMMENT '是否仅限新用户使用',
  `status` varchar(10) CHARACTER SET utf16 COLLATE utf16_bin NULL DEFAULT 'active' COMMENT '优惠券状态 0-正常使用、1-已失效',
  `created_at` timestamp NULL DEFAULT CURRENT_TIMESTAMP COMMENT '创建时间',
  `updated_at` timestamp NULL DEFAULT CURRENT_TIMESTAMP ON UPDATE CURRENT_TIMESTAMP COMMENT '更新时间',
  `valid_days` int NOT NULL COMMENT '领取后有效天数',
  PRIMARY KEY (`coupon_id`) USING BTREE
) ENGINE = InnoDB AUTO_INCREMENT = 4 CHARACTER SET = utf16 COLLATE = utf16_bin COMMENT = '优惠券模板' ROW_FORMAT = Dynamic;

-- ----------------------------
-- Table structure for laundry_items
-- ----------------------------
DROP TABLE IF EXISTS `laundry_items`;
CREATE TABLE `laundry_items`  (
  `item_id` bigint NOT NULL AUTO_INCREMENT,
  `item_name` varchar(255) CHARACTER SET utf16 COLLATE utf16_bin NOT NULL,
  `description` varchar(255) CHARACTER SET utf16 COLLATE utf16_bin NULL DEFAULT NULL COMMENT '描述',
  `created_at` timestamp NOT NULL DEFAULT CURRENT_TIMESTAMP,
  `base_price` decimal(10, 2) NOT NULL,
  PRIMARY KEY (`item_id`) USING BTREE,
  UNIQUE INDEX `item_name`(`item_name` ASC) USING BTREE
) ENGINE = InnoDB AUTO_INCREMENT = 6 CHARACTER SET = utf16 COLLATE = utf16_bin ROW_FORMAT = Dynamic;

-- ----------------------------
-- Records of laundry_items
-- ----------------------------
INSERT INTO `laundry_items` VALUES (1, '基础洗护套餐', '适用于日常衣物的基础清洗，包括洗涤、漂洗、脱水，使用环保型洗涤剂，适合棉、麻、化纤等普通面料', '2025-03-09 08:13:34', 29.90);
INSERT INTO `laundry_items` VALUES (2, '精致洗护套餐', '针对高档衣物的专业洗护，包括精细洗涤、柔顺护理、低温烘干，使用高端护理剂，保护衣物纤维\n适合丝绸、羊毛、羊绒等高档面料', '2025-03-09 08:14:37', 49.90);
INSERT INTO `laundry_items` VALUES (3, '深度去渍套餐', '针对顽固污渍的深度清洁，包括预处理、强力去渍、消毒杀菌，使用专业去渍剂，不损伤衣物\n适合油渍、咖啡渍、红酒渍等难清洗污渍', '2025-03-09 08:15:03', 69.90);
INSERT INTO `laundry_items` VALUES (4, '快速洗护套餐', '包括快速洗涤、高速脱水，适合急需穿着的衣物，适合上班族、学生等时间紧张的用户', '2025-03-09 08:15:51', 39.90);
INSERT INTO `laundry_items` VALUES (5, '奢侈品护理套餐', '专为奢侈品衣物设计，包括手工清洗、专业护理、防尘包装，使用奢侈品专用护理剂，适合名牌包包、高档皮衣等', '2025-03-09 08:16:13', 199.90);

-- ----------------------------
-- Table structure for lockers
-- ----------------------------
DROP TABLE IF EXISTS `lockers`;
CREATE TABLE `lockers`  (
  `locker_id` bigint NOT NULL AUTO_INCREMENT,
  `school_id` bigint NOT NULL,
  `locker_number` int NOT NULL,
  `status` varchar(10) CHARACTER SET utf16 COLLATE utf16_bin NULL DEFAULT '0' COMMENT '\'空闲\'-0, \'使用中\'-1, \'故障\'-2',
  `last_used_at` datetime NULL DEFAULT CURRENT_TIMESTAMP,
  PRIMARY KEY (`locker_id`) USING BTREE
) ENGINE = InnoDB AUTO_INCREMENT = 656 CHARACTER SET = utf16 COLLATE = utf16_bin ROW_FORMAT = Dynamic;

-- ----------------------------
-- Records of lockers
-- ----------------------------
INSERT INTO `lockers` VALUES (1, 1, 1, '1', NULL);
INSERT INTO `lockers` VALUES (2, 4, 2, '0', NULL);
INSERT INTO `lockers` VALUES (3, 1, 2, '1', NULL);
INSERT INTO `lockers` VALUES (4, 1, 4, '1', '2025-03-09 16:04:53');
INSERT INTO `lockers` VALUES (6, 11, 1, '1', '2025-03-10 15:28:00');
INSERT INTO `lockers` VALUES (7, 11, 2, '1', '2025-03-10 15:28:00');
INSERT INTO `lockers` VALUES (8, 11, 3, '1', '2025-03-10 15:28:00');
INSERT INTO `lockers` VALUES (9, 11, 4, '1', '2025-03-10 15:28:00');
INSERT INTO `lockers` VALUES (10, 11, 5, '1', '2025-03-10 15:28:00');
INSERT INTO `lockers` VALUES (11, 11, 6, '1', '2025-03-10 15:28:00');
INSERT INTO `lockers` VALUES (12, 11, 7, '1', '2025-03-10 15:28:00');
INSERT INTO `lockers` VALUES (13, 11, 8, '1', '2025-03-10 15:28:00');
INSERT INTO `lockers` VALUES (14, 11, 9, '1', '2025-03-10 15:28:00');
INSERT INTO `lockers` VALUES (15, 11, 10, '1', '2025-03-10 15:28:00');
INSERT INTO `lockers` VALUES (16, 11, 11, '1', '2025-03-10 15:28:00');
INSERT INTO `lockers` VALUES (17, 11, 12, '1', '2025-03-10 15:28:00');
INSERT INTO `lockers` VALUES (18, 11, 13, '1', '2025-03-10 15:28:00');
INSERT INTO `lockers` VALUES (19, 11, 14, '1', '2025-03-10 15:28:00');
INSERT INTO `lockers` VALUES (20, 11, 15, '1', '2025-03-10 15:28:00');
INSERT INTO `lockers` VALUES (21, 11, 16, '1', '2025-03-10 15:28:00');
INSERT INTO `lockers` VALUES (22, 11, 17, '1', '2025-03-10 15:28:00');
INSERT INTO `lockers` VALUES (23, 11, 18, '1', '2025-03-10 15:28:00');
INSERT INTO `lockers` VALUES (24, 11, 19, '1', '2025-03-10 15:28:00');
INSERT INTO `lockers` VALUES (25, 11, 20, '0', '2025-03-10 15:28:00');
INSERT INTO `lockers` VALUES (26, 11, 21, '0', '2025-03-10 15:28:00');
INSERT INTO `lockers` VALUES (27, 11, 22, '0', '2025-03-10 15:28:00');
INSERT INTO `lockers` VALUES (28, 11, 23, '0', '2025-03-10 15:28:00');
INSERT INTO `lockers` VALUES (29, 11, 24, '0', '2025-03-10 15:28:00');
INSERT INTO `lockers` VALUES (30, 11, 25, '0', '2025-03-10 15:28:00');
INSERT INTO `lockers` VALUES (31, 11, 26, '0', '2025-03-10 15:28:00');
INSERT INTO `lockers` VALUES (32, 11, 27, '0', '2025-03-10 15:28:00');
INSERT INTO `lockers` VALUES (33, 11, 28, '0', '2025-03-10 15:28:00');
INSERT INTO `lockers` VALUES (34, 11, 29, '0', '2025-03-10 15:28:00');
INSERT INTO `lockers` VALUES (35, 11, 30, '0', '2025-03-10 15:28:00');
INSERT INTO `lockers` VALUES (36, 11, 31, '0', '2025-03-10 15:28:00');
INSERT INTO `lockers` VALUES (37, 11, 32, '0', '2025-03-10 15:28:00');
INSERT INTO `lockers` VALUES (38, 11, 33, '0', '2025-03-10 15:28:00');
INSERT INTO `lockers` VALUES (39, 11, 34, '0', '2025-03-10 15:28:00');
INSERT INTO `lockers` VALUES (40, 11, 35, '0', '2025-03-10 15:28:00');
INSERT INTO `lockers` VALUES (41, 11, 36, '0', '2025-03-10 15:28:00');
INSERT INTO `lockers` VALUES (42, 11, 37, '0', '2025-03-10 15:28:00');
INSERT INTO `lockers` VALUES (43, 11, 38, '0', '2025-03-10 15:28:00');
INSERT INTO `lockers` VALUES (44, 11, 39, '0', '2025-03-10 15:28:00');
INSERT INTO `lockers` VALUES (45, 11, 40, '0', '2025-03-10 15:28:00');
INSERT INTO `lockers` VALUES (46, 11, 41, '0', '2025-03-10 15:28:00');
INSERT INTO `lockers` VALUES (47, 11, 42, '0', '2025-03-10 15:28:00');
INSERT INTO `lockers` VALUES (48, 11, 43, '0', '2025-03-10 15:28:00');
INSERT INTO `lockers` VALUES (49, 11, 44, '0', '2025-03-10 15:28:00');
INSERT INTO `lockers` VALUES (50, 11, 45, '0', '2025-03-10 15:28:00');
INSERT INTO `lockers` VALUES (51, 11, 46, '0', '2025-03-10 15:28:00');
INSERT INTO `lockers` VALUES (52, 11, 47, '0', '2025-03-10 15:28:00');
INSERT INTO `lockers` VALUES (53, 11, 48, '0', '2025-03-10 15:28:00');
INSERT INTO `lockers` VALUES (54, 11, 49, '0', '2025-03-10 15:28:00');
INSERT INTO `lockers` VALUES (55, 11, 50, '0', '2025-03-10 15:28:00');
INSERT INTO `lockers` VALUES (56, 12, 1, '0', '2025-04-04 14:25:13');
INSERT INTO `lockers` VALUES (57, 12, 2, '0', '2025-04-04 14:25:13');
INSERT INTO `lockers` VALUES (58, 12, 3, '0', '2025-04-04 14:25:13');
INSERT INTO `lockers` VALUES (59, 12, 4, '0', '2025-04-04 14:25:13');
INSERT INTO `lockers` VALUES (60, 12, 5, '0', '2025-04-04 14:25:13');
INSERT INTO `lockers` VALUES (61, 12, 6, '0', '2025-04-04 14:25:13');
INSERT INTO `lockers` VALUES (62, 12, 7, '0', '2025-04-04 14:25:13');
INSERT INTO `lockers` VALUES (63, 12, 8, '0', '2025-04-04 14:25:13');
INSERT INTO `lockers` VALUES (64, 12, 9, '0', '2025-04-04 14:25:13');
INSERT INTO `lockers` VALUES (65, 12, 10, '0', '2025-04-04 14:25:13');
INSERT INTO `lockers` VALUES (66, 12, 11, '0', '2025-04-04 14:25:13');
INSERT INTO `lockers` VALUES (67, 12, 12, '0', '2025-04-04 14:25:13');
INSERT INTO `lockers` VALUES (68, 12, 13, '0', '2025-04-04 14:25:13');
INSERT INTO `lockers` VALUES (69, 12, 14, '0', '2025-04-04 14:25:13');
INSERT INTO `lockers` VALUES (70, 12, 15, '0', '2025-04-04 14:25:13');
INSERT INTO `lockers` VALUES (71, 12, 16, '0', '2025-04-04 14:25:13');
INSERT INTO `lockers` VALUES (72, 12, 17, '0', '2025-04-04 14:25:13');
INSERT INTO `lockers` VALUES (73, 12, 18, '0', '2025-04-04 14:25:13');
INSERT INTO `lockers` VALUES (74, 12, 19, '0', '2025-04-04 14:25:13');
INSERT INTO `lockers` VALUES (75, 12, 20, '0', '2025-04-04 14:25:13');
INSERT INTO `lockers` VALUES (76, 12, 21, '0', '2025-04-04 14:25:13');
INSERT INTO `lockers` VALUES (77, 12, 22, '0', '2025-04-04 14:25:13');
INSERT INTO `lockers` VALUES (78, 12, 23, '0', '2025-04-04 14:25:13');
INSERT INTO `lockers` VALUES (79, 12, 24, '0', '2025-04-04 14:25:13');
INSERT INTO `lockers` VALUES (80, 12, 25, '0', '2025-04-04 14:25:13');
INSERT INTO `lockers` VALUES (81, 12, 26, '0', '2025-04-04 14:25:13');
INSERT INTO `lockers` VALUES (82, 12, 27, '0', '2025-04-04 14:25:13');
INSERT INTO `lockers` VALUES (83, 12, 28, '0', '2025-04-04 14:25:13');
INSERT INTO `lockers` VALUES (84, 12, 29, '0', '2025-04-04 14:25:13');
INSERT INTO `lockers` VALUES (85, 12, 30, '0', '2025-04-04 14:25:13');
INSERT INTO `lockers` VALUES (86, 12, 31, '0', '2025-04-04 14:25:13');
INSERT INTO `lockers` VALUES (87, 12, 32, '0', '2025-04-04 14:25:13');
INSERT INTO `lockers` VALUES (88, 12, 33, '0', '2025-04-04 14:25:13');
INSERT INTO `lockers` VALUES (89, 12, 34, '0', '2025-04-04 14:25:13');
INSERT INTO `lockers` VALUES (90, 12, 35, '0', '2025-04-04 14:25:13');
INSERT INTO `lockers` VALUES (91, 12, 36, '0', '2025-04-04 14:25:13');
INSERT INTO `lockers` VALUES (92, 12, 37, '0', '2025-04-04 14:25:13');
INSERT INTO `lockers` VALUES (93, 12, 38, '0', '2025-04-04 14:25:13');
INSERT INTO `lockers` VALUES (94, 12, 39, '0', '2025-04-04 14:25:13');
INSERT INTO `lockers` VALUES (95, 12, 40, '0', '2025-04-04 14:25:13');
INSERT INTO `lockers` VALUES (96, 12, 41, '0', '2025-04-04 14:25:13');
INSERT INTO `lockers` VALUES (97, 12, 42, '0', '2025-04-04 14:25:13');
INSERT INTO `lockers` VALUES (98, 12, 43, '0', '2025-04-04 14:25:13');
INSERT INTO `lockers` VALUES (99, 12, 44, '0', '2025-04-04 14:25:13');
INSERT INTO `lockers` VALUES (100, 12, 45, '0', '2025-04-04 14:25:13');
INSERT INTO `lockers` VALUES (101, 12, 46, '0', '2025-04-04 14:25:13');
INSERT INTO `lockers` VALUES (102, 12, 47, '0', '2025-04-04 14:25:13');
INSERT INTO `lockers` VALUES (103, 12, 48, '0', '2025-04-04 14:25:13');
INSERT INTO `lockers` VALUES (104, 12, 49, '0', '2025-04-04 14:25:13');
INSERT INTO `lockers` VALUES (105, 12, 50, '0', '2025-04-04 14:25:13');
INSERT INTO `lockers` VALUES (106, 12, 51, '0', '2025-04-04 14:25:13');
INSERT INTO `lockers` VALUES (107, 12, 52, '0', '2025-04-04 14:25:13');
INSERT INTO `lockers` VALUES (108, 12, 53, '0', '2025-04-04 14:25:13');
INSERT INTO `lockers` VALUES (109, 12, 54, '0', '2025-04-04 14:25:13');
INSERT INTO `lockers` VALUES (110, 12, 55, '0', '2025-04-04 14:25:13');
INSERT INTO `lockers` VALUES (111, 12, 56, '0', '2025-04-04 14:25:13');
INSERT INTO `lockers` VALUES (112, 12, 57, '0', '2025-04-04 14:25:13');
INSERT INTO `lockers` VALUES (113, 12, 58, '0', '2025-04-04 14:25:13');
INSERT INTO `lockers` VALUES (114, 12, 59, '0', '2025-04-04 14:25:13');
INSERT INTO `lockers` VALUES (115, 12, 60, '0', '2025-04-04 14:25:13');
INSERT INTO `lockers` VALUES (116, 12, 61, '0', '2025-04-04 14:25:13');
INSERT INTO `lockers` VALUES (117, 12, 62, '0', '2025-04-04 14:25:13');
INSERT INTO `lockers` VALUES (118, 12, 63, '0', '2025-04-04 14:25:13');
INSERT INTO `lockers` VALUES (119, 12, 64, '0', '2025-04-04 14:25:13');
INSERT INTO `lockers` VALUES (120, 12, 65, '0', '2025-04-04 14:25:13');
INSERT INTO `lockers` VALUES (121, 12, 66, '0', '2025-04-04 14:25:13');
INSERT INTO `lockers` VALUES (122, 12, 67, '0', '2025-04-04 14:25:13');
INSERT INTO `lockers` VALUES (123, 12, 68, '0', '2025-04-04 14:25:13');
INSERT INTO `lockers` VALUES (124, 12, 69, '0', '2025-04-04 14:25:13');
INSERT INTO `lockers` VALUES (125, 12, 70, '0', '2025-04-04 14:25:13');
INSERT INTO `lockers` VALUES (126, 12, 71, '0', '2025-04-04 14:25:13');
INSERT INTO `lockers` VALUES (127, 12, 72, '0', '2025-04-04 14:25:13');
INSERT INTO `lockers` VALUES (128, 12, 73, '0', '2025-04-04 14:25:13');
INSERT INTO `lockers` VALUES (129, 12, 74, '0', '2025-04-04 14:25:13');
INSERT INTO `lockers` VALUES (130, 12, 75, '0', '2025-04-04 14:25:13');
INSERT INTO `lockers` VALUES (131, 12, 76, '0', '2025-04-04 14:25:13');
INSERT INTO `lockers` VALUES (132, 12, 77, '0', '2025-04-04 14:25:13');
INSERT INTO `lockers` VALUES (133, 12, 78, '0', '2025-04-04 14:25:13');
INSERT INTO `lockers` VALUES (134, 12, 79, '0', '2025-04-04 14:25:13');
INSERT INTO `lockers` VALUES (135, 12, 80, '0', '2025-04-04 14:25:13');
INSERT INTO `lockers` VALUES (136, 12, 81, '0', '2025-04-04 14:25:13');
INSERT INTO `lockers` VALUES (137, 12, 82, '0', '2025-04-04 14:25:13');
INSERT INTO `lockers` VALUES (138, 12, 83, '0', '2025-04-04 14:25:13');
INSERT INTO `lockers` VALUES (139, 12, 84, '0', '2025-04-04 14:25:13');
INSERT INTO `lockers` VALUES (140, 12, 85, '0', '2025-04-04 14:25:13');
INSERT INTO `lockers` VALUES (141, 12, 86, '0', '2025-04-04 14:25:13');
INSERT INTO `lockers` VALUES (142, 12, 87, '0', '2025-04-04 14:25:13');
INSERT INTO `lockers` VALUES (143, 12, 88, '0', '2025-04-04 14:25:13');
INSERT INTO `lockers` VALUES (144, 12, 89, '0', '2025-04-04 14:25:13');
INSERT INTO `lockers` VALUES (145, 12, 90, '0', '2025-04-04 14:25:13');
INSERT INTO `lockers` VALUES (146, 12, 91, '0', '2025-04-04 14:25:13');
INSERT INTO `lockers` VALUES (147, 12, 92, '0', '2025-04-04 14:25:13');
INSERT INTO `lockers` VALUES (148, 12, 93, '0', '2025-04-04 14:25:13');
INSERT INTO `lockers` VALUES (149, 12, 94, '0', '2025-04-04 14:25:13');
INSERT INTO `lockers` VALUES (150, 12, 95, '0', '2025-04-04 14:25:13');
INSERT INTO `lockers` VALUES (151, 12, 96, '0', '2025-04-04 14:25:13');
INSERT INTO `lockers` VALUES (152, 12, 97, '0', '2025-04-04 14:25:13');
INSERT INTO `lockers` VALUES (153, 12, 98, '0', '2025-04-04 14:25:13');
INSERT INTO `lockers` VALUES (154, 12, 99, '0', '2025-04-04 14:25:13');
INSERT INTO `lockers` VALUES (155, 12, 100, '0', '2025-04-04 14:25:13');
INSERT INTO `lockers` VALUES (156, 13, 1, '0', '2025-04-04 14:25:25');
INSERT INTO `lockers` VALUES (157, 13, 2, '0', '2025-04-04 14:25:25');
INSERT INTO `lockers` VALUES (158, 13, 3, '0', '2025-04-04 14:25:25');
INSERT INTO `lockers` VALUES (159, 13, 4, '0', '2025-04-04 14:25:25');
INSERT INTO `lockers` VALUES (160, 13, 5, '0', '2025-04-04 14:25:25');
INSERT INTO `lockers` VALUES (161, 13, 6, '0', '2025-04-04 14:25:25');
INSERT INTO `lockers` VALUES (162, 13, 7, '0', '2025-04-04 14:25:25');
INSERT INTO `lockers` VALUES (163, 13, 8, '0', '2025-04-04 14:25:25');
INSERT INTO `lockers` VALUES (164, 13, 9, '0', '2025-04-04 14:25:25');
INSERT INTO `lockers` VALUES (165, 13, 10, '0', '2025-04-04 14:25:25');
INSERT INTO `lockers` VALUES (166, 13, 11, '0', '2025-04-04 14:25:25');
INSERT INTO `lockers` VALUES (167, 13, 12, '0', '2025-04-04 14:25:25');
INSERT INTO `lockers` VALUES (168, 13, 13, '0', '2025-04-04 14:25:25');
INSERT INTO `lockers` VALUES (169, 13, 14, '0', '2025-04-04 14:25:25');
INSERT INTO `lockers` VALUES (170, 13, 15, '0', '2025-04-04 14:25:25');
INSERT INTO `lockers` VALUES (171, 13, 16, '0', '2025-04-04 14:25:25');
INSERT INTO `lockers` VALUES (172, 13, 17, '0', '2025-04-04 14:25:25');
INSERT INTO `lockers` VALUES (173, 13, 18, '0', '2025-04-04 14:25:25');
INSERT INTO `lockers` VALUES (174, 13, 19, '0', '2025-04-04 14:25:25');
INSERT INTO `lockers` VALUES (175, 13, 20, '0', '2025-04-04 14:25:25');
INSERT INTO `lockers` VALUES (176, 13, 21, '0', '2025-04-04 14:25:25');
INSERT INTO `lockers` VALUES (177, 13, 22, '0', '2025-04-04 14:25:25');
INSERT INTO `lockers` VALUES (178, 13, 23, '0', '2025-04-04 14:25:25');
INSERT INTO `lockers` VALUES (179, 13, 24, '0', '2025-04-04 14:25:25');
INSERT INTO `lockers` VALUES (180, 13, 25, '0', '2025-04-04 14:25:25');
INSERT INTO `lockers` VALUES (181, 13, 26, '0', '2025-04-04 14:25:25');
INSERT INTO `lockers` VALUES (182, 13, 27, '0', '2025-04-04 14:25:25');
INSERT INTO `lockers` VALUES (183, 13, 28, '0', '2025-04-04 14:25:25');
INSERT INTO `lockers` VALUES (184, 13, 29, '0', '2025-04-04 14:25:25');
INSERT INTO `lockers` VALUES (185, 13, 30, '0', '2025-04-04 14:25:25');
INSERT INTO `lockers` VALUES (186, 13, 31, '0', '2025-04-04 14:25:25');
INSERT INTO `lockers` VALUES (187, 13, 32, '0', '2025-04-04 14:25:25');
INSERT INTO `lockers` VALUES (188, 13, 33, '0', '2025-04-04 14:25:25');
INSERT INTO `lockers` VALUES (189, 13, 34, '0', '2025-04-04 14:25:25');
INSERT INTO `lockers` VALUES (190, 13, 35, '0', '2025-04-04 14:25:25');
INSERT INTO `lockers` VALUES (191, 13, 36, '0', '2025-04-04 14:25:25');
INSERT INTO `lockers` VALUES (192, 13, 37, '0', '2025-04-04 14:25:25');
INSERT INTO `lockers` VALUES (193, 13, 38, '0', '2025-04-04 14:25:25');
INSERT INTO `lockers` VALUES (194, 13, 39, '0', '2025-04-04 14:25:25');
INSERT INTO `lockers` VALUES (195, 13, 40, '0', '2025-04-04 14:25:25');
INSERT INTO `lockers` VALUES (196, 13, 41, '0', '2025-04-04 14:25:25');
INSERT INTO `lockers` VALUES (197, 13, 42, '0', '2025-04-04 14:25:25');
INSERT INTO `lockers` VALUES (198, 13, 43, '0', '2025-04-04 14:25:25');
INSERT INTO `lockers` VALUES (199, 13, 44, '0', '2025-04-04 14:25:25');
INSERT INTO `lockers` VALUES (200, 13, 45, '0', '2025-04-04 14:25:25');
INSERT INTO `lockers` VALUES (201, 13, 46, '0', '2025-04-04 14:25:25');
INSERT INTO `lockers` VALUES (202, 13, 47, '0', '2025-04-04 14:25:25');
INSERT INTO `lockers` VALUES (203, 13, 48, '0', '2025-04-04 14:25:25');
INSERT INTO `lockers` VALUES (204, 13, 49, '0', '2025-04-04 14:25:25');
INSERT INTO `lockers` VALUES (205, 13, 50, '0', '2025-04-04 14:25:25');
INSERT INTO `lockers` VALUES (206, 13, 51, '0', '2025-04-04 14:25:25');
INSERT INTO `lockers` VALUES (207, 13, 52, '0', '2025-04-04 14:25:25');
INSERT INTO `lockers` VALUES (208, 13, 53, '0', '2025-04-04 14:25:25');
INSERT INTO `lockers` VALUES (209, 13, 54, '0', '2025-04-04 14:25:25');
INSERT INTO `lockers` VALUES (210, 13, 55, '0', '2025-04-04 14:25:25');
INSERT INTO `lockers` VALUES (211, 13, 56, '0', '2025-04-04 14:25:25');
INSERT INTO `lockers` VALUES (212, 13, 57, '0', '2025-04-04 14:25:25');
INSERT INTO `lockers` VALUES (213, 13, 58, '0', '2025-04-04 14:25:25');
INSERT INTO `lockers` VALUES (214, 13, 59, '0', '2025-04-04 14:25:25');
INSERT INTO `lockers` VALUES (215, 13, 60, '0', '2025-04-04 14:25:25');
INSERT INTO `lockers` VALUES (216, 13, 61, '0', '2025-04-04 14:25:25');
INSERT INTO `lockers` VALUES (217, 13, 62, '0', '2025-04-04 14:25:25');
INSERT INTO `lockers` VALUES (218, 13, 63, '0', '2025-04-04 14:25:25');
INSERT INTO `lockers` VALUES (219, 13, 64, '0', '2025-04-04 14:25:25');
INSERT INTO `lockers` VALUES (220, 13, 65, '0', '2025-04-04 14:25:25');
INSERT INTO `lockers` VALUES (221, 13, 66, '0', '2025-04-04 14:25:25');
INSERT INTO `lockers` VALUES (222, 13, 67, '0', '2025-04-04 14:25:25');
INSERT INTO `lockers` VALUES (223, 13, 68, '0', '2025-04-04 14:25:25');
INSERT INTO `lockers` VALUES (224, 13, 69, '0', '2025-04-04 14:25:25');
INSERT INTO `lockers` VALUES (225, 13, 70, '0', '2025-04-04 14:25:25');
INSERT INTO `lockers` VALUES (226, 13, 71, '0', '2025-04-04 14:25:25');
INSERT INTO `lockers` VALUES (227, 13, 72, '0', '2025-04-04 14:25:25');
INSERT INTO `lockers` VALUES (228, 13, 73, '0', '2025-04-04 14:25:25');
INSERT INTO `lockers` VALUES (229, 13, 74, '0', '2025-04-04 14:25:25');
INSERT INTO `lockers` VALUES (230, 13, 75, '0', '2025-04-04 14:25:25');
INSERT INTO `lockers` VALUES (231, 13, 76, '0', '2025-04-04 14:25:25');
INSERT INTO `lockers` VALUES (232, 13, 77, '0', '2025-04-04 14:25:25');
INSERT INTO `lockers` VALUES (233, 13, 78, '0', '2025-04-04 14:25:25');
INSERT INTO `lockers` VALUES (234, 13, 79, '0', '2025-04-04 14:25:25');
INSERT INTO `lockers` VALUES (235, 13, 80, '0', '2025-04-04 14:25:25');
INSERT INTO `lockers` VALUES (236, 13, 81, '0', '2025-04-04 14:25:25');
INSERT INTO `lockers` VALUES (237, 13, 82, '0', '2025-04-04 14:25:25');
INSERT INTO `lockers` VALUES (238, 13, 83, '0', '2025-04-04 14:25:25');
INSERT INTO `lockers` VALUES (239, 13, 84, '0', '2025-04-04 14:25:25');
INSERT INTO `lockers` VALUES (240, 13, 85, '0', '2025-04-04 14:25:25');
INSERT INTO `lockers` VALUES (241, 13, 86, '0', '2025-04-04 14:25:25');
INSERT INTO `lockers` VALUES (242, 13, 87, '0', '2025-04-04 14:25:25');
INSERT INTO `lockers` VALUES (243, 13, 88, '0', '2025-04-04 14:25:25');
INSERT INTO `lockers` VALUES (244, 13, 89, '0', '2025-04-04 14:25:25');
INSERT INTO `lockers` VALUES (245, 13, 90, '0', '2025-04-04 14:25:25');
INSERT INTO `lockers` VALUES (246, 13, 91, '0', '2025-04-04 14:25:25');
INSERT INTO `lockers` VALUES (247, 13, 92, '0', '2025-04-04 14:25:25');
INSERT INTO `lockers` VALUES (248, 13, 93, '0', '2025-04-04 14:25:25');
INSERT INTO `lockers` VALUES (249, 13, 94, '0', '2025-04-04 14:25:25');
INSERT INTO `lockers` VALUES (250, 13, 95, '0', '2025-04-04 14:25:25');
INSERT INTO `lockers` VALUES (251, 13, 96, '0', '2025-04-04 14:25:25');
INSERT INTO `lockers` VALUES (252, 13, 97, '0', '2025-04-04 14:25:25');
INSERT INTO `lockers` VALUES (253, 13, 98, '0', '2025-04-04 14:25:25');
INSERT INTO `lockers` VALUES (254, 13, 99, '0', '2025-04-04 14:25:25');
INSERT INTO `lockers` VALUES (255, 13, 100, '0', '2025-04-04 14:25:25');
INSERT INTO `lockers` VALUES (256, 13, 101, '0', '2025-04-04 14:25:25');
INSERT INTO `lockers` VALUES (257, 13, 102, '0', '2025-04-04 14:25:25');
INSERT INTO `lockers` VALUES (258, 13, 103, '0', '2025-04-04 14:25:25');
INSERT INTO `lockers` VALUES (259, 13, 104, '0', '2025-04-04 14:25:25');
INSERT INTO `lockers` VALUES (260, 13, 105, '0', '2025-04-04 14:25:25');
INSERT INTO `lockers` VALUES (261, 13, 106, '0', '2025-04-04 14:25:25');
INSERT INTO `lockers` VALUES (262, 13, 107, '0', '2025-04-04 14:25:25');
INSERT INTO `lockers` VALUES (263, 13, 108, '0', '2025-04-04 14:25:25');
INSERT INTO `lockers` VALUES (264, 13, 109, '0', '2025-04-04 14:25:25');
INSERT INTO `lockers` VALUES (265, 13, 110, '0', '2025-04-04 14:25:25');
INSERT INTO `lockers` VALUES (266, 13, 111, '0', '2025-04-04 14:25:25');
INSERT INTO `lockers` VALUES (267, 13, 112, '0', '2025-04-04 14:25:25');
INSERT INTO `lockers` VALUES (268, 13, 113, '0', '2025-04-04 14:25:25');
INSERT INTO `lockers` VALUES (269, 13, 114, '0', '2025-04-04 14:25:25');
INSERT INTO `lockers` VALUES (270, 13, 115, '0', '2025-04-04 14:25:25');
INSERT INTO `lockers` VALUES (271, 13, 116, '0', '2025-04-04 14:25:25');
INSERT INTO `lockers` VALUES (272, 13, 117, '0', '2025-04-04 14:25:25');
INSERT INTO `lockers` VALUES (273, 13, 118, '0', '2025-04-04 14:25:25');
INSERT INTO `lockers` VALUES (274, 13, 119, '0', '2025-04-04 14:25:25');
INSERT INTO `lockers` VALUES (275, 13, 120, '0', '2025-04-04 14:25:25');
INSERT INTO `lockers` VALUES (276, 13, 121, '0', '2025-04-04 14:25:25');
INSERT INTO `lockers` VALUES (277, 13, 122, '0', '2025-04-04 14:25:25');
INSERT INTO `lockers` VALUES (278, 13, 123, '0', '2025-04-04 14:25:25');
INSERT INTO `lockers` VALUES (279, 13, 124, '0', '2025-04-04 14:25:25');
INSERT INTO `lockers` VALUES (280, 13, 125, '0', '2025-04-04 14:25:25');
INSERT INTO `lockers` VALUES (281, 13, 126, '0', '2025-04-04 14:25:25');
INSERT INTO `lockers` VALUES (282, 13, 127, '0', '2025-04-04 14:25:25');
INSERT INTO `lockers` VALUES (283, 13, 128, '0', '2025-04-04 14:25:25');
INSERT INTO `lockers` VALUES (284, 13, 129, '0', '2025-04-04 14:25:25');
INSERT INTO `lockers` VALUES (285, 13, 130, '0', '2025-04-04 14:25:25');
INSERT INTO `lockers` VALUES (286, 13, 131, '0', '2025-04-04 14:25:25');
INSERT INTO `lockers` VALUES (287, 13, 132, '0', '2025-04-04 14:25:25');
INSERT INTO `lockers` VALUES (288, 13, 133, '0', '2025-04-04 14:25:25');
INSERT INTO `lockers` VALUES (289, 13, 134, '0', '2025-04-04 14:25:25');
INSERT INTO `lockers` VALUES (290, 13, 135, '0', '2025-04-04 14:25:25');
INSERT INTO `lockers` VALUES (291, 13, 136, '0', '2025-04-04 14:25:25');
INSERT INTO `lockers` VALUES (292, 13, 137, '0', '2025-04-04 14:25:25');
INSERT INTO `lockers` VALUES (293, 13, 138, '0', '2025-04-04 14:25:25');
INSERT INTO `lockers` VALUES (294, 13, 139, '0', '2025-04-04 14:25:25');
INSERT INTO `lockers` VALUES (295, 13, 140, '0', '2025-04-04 14:25:25');
INSERT INTO `lockers` VALUES (296, 13, 141, '0', '2025-04-04 14:25:25');
INSERT INTO `lockers` VALUES (297, 13, 142, '0', '2025-04-04 14:25:25');
INSERT INTO `lockers` VALUES (298, 13, 143, '0', '2025-04-04 14:25:25');
INSERT INTO `lockers` VALUES (299, 13, 144, '0', '2025-04-04 14:25:25');
INSERT INTO `lockers` VALUES (300, 13, 145, '0', '2025-04-04 14:25:25');
INSERT INTO `lockers` VALUES (301, 13, 146, '0', '2025-04-04 14:25:25');
INSERT INTO `lockers` VALUES (302, 13, 147, '0', '2025-04-04 14:25:25');
INSERT INTO `lockers` VALUES (303, 13, 148, '0', '2025-04-04 14:25:25');
INSERT INTO `lockers` VALUES (304, 13, 149, '0', '2025-04-04 14:25:25');
INSERT INTO `lockers` VALUES (305, 13, 150, '0', '2025-04-04 14:25:25');
INSERT INTO `lockers` VALUES (306, 13, 151, '0', '2025-04-04 14:25:25');
INSERT INTO `lockers` VALUES (307, 13, 152, '0', '2025-04-04 14:25:25');
INSERT INTO `lockers` VALUES (308, 13, 153, '0', '2025-04-04 14:25:25');
INSERT INTO `lockers` VALUES (309, 13, 154, '0', '2025-04-04 14:25:25');
INSERT INTO `lockers` VALUES (310, 13, 155, '0', '2025-04-04 14:25:25');
INSERT INTO `lockers` VALUES (311, 13, 156, '0', '2025-04-04 14:25:25');
INSERT INTO `lockers` VALUES (312, 13, 157, '0', '2025-04-04 14:25:25');
INSERT INTO `lockers` VALUES (313, 13, 158, '0', '2025-04-04 14:25:25');
INSERT INTO `lockers` VALUES (314, 13, 159, '0', '2025-04-04 14:25:25');
INSERT INTO `lockers` VALUES (315, 13, 160, '0', '2025-04-04 14:25:25');
INSERT INTO `lockers` VALUES (316, 13, 161, '0', '2025-04-04 14:25:25');
INSERT INTO `lockers` VALUES (317, 13, 162, '0', '2025-04-04 14:25:25');
INSERT INTO `lockers` VALUES (318, 13, 163, '0', '2025-04-04 14:25:25');
INSERT INTO `lockers` VALUES (319, 13, 164, '0', '2025-04-04 14:25:25');
INSERT INTO `lockers` VALUES (320, 13, 165, '0', '2025-04-04 14:25:25');
INSERT INTO `lockers` VALUES (321, 13, 166, '0', '2025-04-04 14:25:25');
INSERT INTO `lockers` VALUES (322, 13, 167, '0', '2025-04-04 14:25:25');
INSERT INTO `lockers` VALUES (323, 13, 168, '0', '2025-04-04 14:25:25');
INSERT INTO `lockers` VALUES (324, 13, 169, '0', '2025-04-04 14:25:25');
INSERT INTO `lockers` VALUES (325, 13, 170, '0', '2025-04-04 14:25:25');
INSERT INTO `lockers` VALUES (326, 13, 171, '0', '2025-04-04 14:25:25');
INSERT INTO `lockers` VALUES (327, 13, 172, '0', '2025-04-04 14:25:25');
INSERT INTO `lockers` VALUES (328, 13, 173, '0', '2025-04-04 14:25:25');
INSERT INTO `lockers` VALUES (329, 13, 174, '0', '2025-04-04 14:25:25');
INSERT INTO `lockers` VALUES (330, 13, 175, '0', '2025-04-04 14:25:25');
INSERT INTO `lockers` VALUES (331, 13, 176, '0', '2025-04-04 14:25:25');
INSERT INTO `lockers` VALUES (332, 13, 177, '0', '2025-04-04 14:25:25');
INSERT INTO `lockers` VALUES (333, 13, 178, '0', '2025-04-04 14:25:25');
INSERT INTO `lockers` VALUES (334, 13, 179, '0', '2025-04-04 14:25:25');
INSERT INTO `lockers` VALUES (335, 13, 180, '0', '2025-04-04 14:25:25');
INSERT INTO `lockers` VALUES (336, 13, 181, '0', '2025-04-04 14:25:25');
INSERT INTO `lockers` VALUES (337, 13, 182, '0', '2025-04-04 14:25:25');
INSERT INTO `lockers` VALUES (338, 13, 183, '0', '2025-04-04 14:25:25');
INSERT INTO `lockers` VALUES (339, 13, 184, '0', '2025-04-04 14:25:25');
INSERT INTO `lockers` VALUES (340, 13, 185, '0', '2025-04-04 14:25:25');
INSERT INTO `lockers` VALUES (341, 13, 186, '0', '2025-04-04 14:25:25');
INSERT INTO `lockers` VALUES (342, 13, 187, '0', '2025-04-04 14:25:25');
INSERT INTO `lockers` VALUES (343, 13, 188, '0', '2025-04-04 14:25:25');
INSERT INTO `lockers` VALUES (344, 13, 189, '0', '2025-04-04 14:25:25');
INSERT INTO `lockers` VALUES (345, 13, 190, '0', '2025-04-04 14:25:25');
INSERT INTO `lockers` VALUES (346, 13, 191, '0', '2025-04-04 14:25:25');
INSERT INTO `lockers` VALUES (347, 13, 192, '0', '2025-04-04 14:25:25');
INSERT INTO `lockers` VALUES (348, 13, 193, '0', '2025-04-04 14:25:25');
INSERT INTO `lockers` VALUES (349, 13, 194, '0', '2025-04-04 14:25:25');
INSERT INTO `lockers` VALUES (350, 13, 195, '0', '2025-04-04 14:25:25');
INSERT INTO `lockers` VALUES (351, 13, 196, '0', '2025-04-04 14:25:25');
INSERT INTO `lockers` VALUES (352, 13, 197, '0', '2025-04-04 14:25:25');
INSERT INTO `lockers` VALUES (353, 13, 198, '0', '2025-04-04 14:25:25');
INSERT INTO `lockers` VALUES (354, 13, 199, '0', '2025-04-04 14:25:25');
INSERT INTO `lockers` VALUES (355, 13, 200, '0', '2025-04-04 14:25:25');
INSERT INTO `lockers` VALUES (356, 14, 1, '0', '2025-04-04 14:25:36');
INSERT INTO `lockers` VALUES (357, 14, 2, '0', '2025-04-04 14:25:36');
INSERT INTO `lockers` VALUES (358, 14, 3, '0', '2025-04-04 14:25:36');
INSERT INTO `lockers` VALUES (359, 14, 4, '0', '2025-04-04 14:25:36');
INSERT INTO `lockers` VALUES (360, 14, 5, '0', '2025-04-04 14:25:36');
INSERT INTO `lockers` VALUES (361, 14, 6, '0', '2025-04-04 14:25:36');
INSERT INTO `lockers` VALUES (362, 14, 7, '0', '2025-04-04 14:25:36');
INSERT INTO `lockers` VALUES (363, 14, 8, '0', '2025-04-04 14:25:36');
INSERT INTO `lockers` VALUES (364, 14, 9, '0', '2025-04-04 14:25:36');
INSERT INTO `lockers` VALUES (365, 14, 10, '0', '2025-04-04 14:25:36');
INSERT INTO `lockers` VALUES (366, 14, 11, '0', '2025-04-04 14:25:36');
INSERT INTO `lockers` VALUES (367, 14, 12, '0', '2025-04-04 14:25:36');
INSERT INTO `lockers` VALUES (368, 14, 13, '0', '2025-04-04 14:25:36');
INSERT INTO `lockers` VALUES (369, 14, 14, '0', '2025-04-04 14:25:36');
INSERT INTO `lockers` VALUES (370, 14, 15, '0', '2025-04-04 14:25:36');
INSERT INTO `lockers` VALUES (371, 14, 16, '0', '2025-04-04 14:25:36');
INSERT INTO `lockers` VALUES (372, 14, 17, '0', '2025-04-04 14:25:36');
INSERT INTO `lockers` VALUES (373, 14, 18, '0', '2025-04-04 14:25:36');
INSERT INTO `lockers` VALUES (374, 14, 19, '0', '2025-04-04 14:25:36');
INSERT INTO `lockers` VALUES (375, 14, 20, '0', '2025-04-04 14:25:36');
INSERT INTO `lockers` VALUES (376, 14, 21, '0', '2025-04-04 14:25:36');
INSERT INTO `lockers` VALUES (377, 14, 22, '0', '2025-04-04 14:25:36');
INSERT INTO `lockers` VALUES (378, 14, 23, '0', '2025-04-04 14:25:36');
INSERT INTO `lockers` VALUES (379, 14, 24, '0', '2025-04-04 14:25:36');
INSERT INTO `lockers` VALUES (380, 14, 25, '0', '2025-04-04 14:25:36');
INSERT INTO `lockers` VALUES (381, 14, 26, '0', '2025-04-04 14:25:36');
INSERT INTO `lockers` VALUES (382, 14, 27, '0', '2025-04-04 14:25:36');
INSERT INTO `lockers` VALUES (383, 14, 28, '0', '2025-04-04 14:25:36');
INSERT INTO `lockers` VALUES (384, 14, 29, '0', '2025-04-04 14:25:36');
INSERT INTO `lockers` VALUES (385, 14, 30, '0', '2025-04-04 14:25:36');
INSERT INTO `lockers` VALUES (386, 14, 31, '0', '2025-04-04 14:25:36');
INSERT INTO `lockers` VALUES (387, 14, 32, '0', '2025-04-04 14:25:36');
INSERT INTO `lockers` VALUES (388, 14, 33, '0', '2025-04-04 14:25:36');
INSERT INTO `lockers` VALUES (389, 14, 34, '0', '2025-04-04 14:25:36');
INSERT INTO `lockers` VALUES (390, 14, 35, '0', '2025-04-04 14:25:36');
INSERT INTO `lockers` VALUES (391, 14, 36, '0', '2025-04-04 14:25:36');
INSERT INTO `lockers` VALUES (392, 14, 37, '0', '2025-04-04 14:25:36');
INSERT INTO `lockers` VALUES (393, 14, 38, '0', '2025-04-04 14:25:36');
INSERT INTO `lockers` VALUES (394, 14, 39, '0', '2025-04-04 14:25:36');
INSERT INTO `lockers` VALUES (395, 14, 40, '0', '2025-04-04 14:25:36');
INSERT INTO `lockers` VALUES (396, 14, 41, '0', '2025-04-04 14:25:36');
INSERT INTO `lockers` VALUES (397, 14, 42, '0', '2025-04-04 14:25:36');
INSERT INTO `lockers` VALUES (398, 14, 43, '0', '2025-04-04 14:25:36');
INSERT INTO `lockers` VALUES (399, 14, 44, '0', '2025-04-04 14:25:36');
INSERT INTO `lockers` VALUES (400, 14, 45, '0', '2025-04-04 14:25:36');
INSERT INTO `lockers` VALUES (401, 14, 46, '0', '2025-04-04 14:25:36');
INSERT INTO `lockers` VALUES (402, 14, 47, '0', '2025-04-04 14:25:36');
INSERT INTO `lockers` VALUES (403, 14, 48, '0', '2025-04-04 14:25:36');
INSERT INTO `lockers` VALUES (404, 14, 49, '0', '2025-04-04 14:25:36');
INSERT INTO `lockers` VALUES (405, 14, 50, '0', '2025-04-04 14:25:36');
INSERT INTO `lockers` VALUES (406, 14, 51, '0', '2025-04-04 14:25:36');
INSERT INTO `lockers` VALUES (407, 14, 52, '0', '2025-04-04 14:25:36');
INSERT INTO `lockers` VALUES (408, 14, 53, '0', '2025-04-04 14:25:36');
INSERT INTO `lockers` VALUES (409, 14, 54, '0', '2025-04-04 14:25:36');
INSERT INTO `lockers` VALUES (410, 14, 55, '0', '2025-04-04 14:25:36');
INSERT INTO `lockers` VALUES (411, 14, 56, '0', '2025-04-04 14:25:36');
INSERT INTO `lockers` VALUES (412, 14, 57, '0', '2025-04-04 14:25:36');
INSERT INTO `lockers` VALUES (413, 14, 58, '0', '2025-04-04 14:25:36');
INSERT INTO `lockers` VALUES (414, 14, 59, '0', '2025-04-04 14:25:36');
INSERT INTO `lockers` VALUES (415, 14, 60, '0', '2025-04-04 14:25:36');
INSERT INTO `lockers` VALUES (416, 14, 61, '0', '2025-04-04 14:25:36');
INSERT INTO `lockers` VALUES (417, 14, 62, '0', '2025-04-04 14:25:36');
INSERT INTO `lockers` VALUES (418, 14, 63, '0', '2025-04-04 14:25:36');
INSERT INTO `lockers` VALUES (419, 14, 64, '0', '2025-04-04 14:25:36');
INSERT INTO `lockers` VALUES (420, 14, 65, '0', '2025-04-04 14:25:36');
INSERT INTO `lockers` VALUES (421, 14, 66, '0', '2025-04-04 14:25:36');
INSERT INTO `lockers` VALUES (422, 14, 67, '0', '2025-04-04 14:25:36');
INSERT INTO `lockers` VALUES (423, 14, 68, '0', '2025-04-04 14:25:36');
INSERT INTO `lockers` VALUES (424, 14, 69, '0', '2025-04-04 14:25:36');
INSERT INTO `lockers` VALUES (425, 14, 70, '0', '2025-04-04 14:25:36');
INSERT INTO `lockers` VALUES (426, 14, 71, '0', '2025-04-04 14:25:36');
INSERT INTO `lockers` VALUES (427, 14, 72, '0', '2025-04-04 14:25:36');
INSERT INTO `lockers` VALUES (428, 14, 73, '0', '2025-04-04 14:25:36');
INSERT INTO `lockers` VALUES (429, 14, 74, '0', '2025-04-04 14:25:36');
INSERT INTO `lockers` VALUES (430, 14, 75, '0', '2025-04-04 14:25:36');
INSERT INTO `lockers` VALUES (431, 14, 76, '0', '2025-04-04 14:25:36');
INSERT INTO `lockers` VALUES (432, 14, 77, '0', '2025-04-04 14:25:36');
INSERT INTO `lockers` VALUES (433, 14, 78, '0', '2025-04-04 14:25:36');
INSERT INTO `lockers` VALUES (434, 14, 79, '0', '2025-04-04 14:25:36');
INSERT INTO `lockers` VALUES (435, 14, 80, '0', '2025-04-04 14:25:36');
INSERT INTO `lockers` VALUES (436, 14, 81, '0', '2025-04-04 14:25:36');
INSERT INTO `lockers` VALUES (437, 14, 82, '0', '2025-04-04 14:25:36');
INSERT INTO `lockers` VALUES (438, 14, 83, '0', '2025-04-04 14:25:36');
INSERT INTO `lockers` VALUES (439, 14, 84, '0', '2025-04-04 14:25:36');
INSERT INTO `lockers` VALUES (440, 14, 85, '0', '2025-04-04 14:25:36');
INSERT INTO `lockers` VALUES (441, 14, 86, '0', '2025-04-04 14:25:36');
INSERT INTO `lockers` VALUES (442, 14, 87, '0', '2025-04-04 14:25:36');
INSERT INTO `lockers` VALUES (443, 14, 88, '0', '2025-04-04 14:25:36');
INSERT INTO `lockers` VALUES (444, 14, 89, '0', '2025-04-04 14:25:36');
INSERT INTO `lockers` VALUES (445, 14, 90, '0', '2025-04-04 14:25:36');
INSERT INTO `lockers` VALUES (446, 14, 91, '0', '2025-04-04 14:25:36');
INSERT INTO `lockers` VALUES (447, 14, 92, '0', '2025-04-04 14:25:36');
INSERT INTO `lockers` VALUES (448, 14, 93, '0', '2025-04-04 14:25:36');
INSERT INTO `lockers` VALUES (449, 14, 94, '0', '2025-04-04 14:25:36');
INSERT INTO `lockers` VALUES (450, 14, 95, '0', '2025-04-04 14:25:36');
INSERT INTO `lockers` VALUES (451, 14, 96, '0', '2025-04-04 14:25:36');
INSERT INTO `lockers` VALUES (452, 14, 97, '0', '2025-04-04 14:25:36');
INSERT INTO `lockers` VALUES (453, 14, 98, '0', '2025-04-04 14:25:36');
INSERT INTO `lockers` VALUES (454, 14, 99, '0', '2025-04-04 14:25:36');
INSERT INTO `lockers` VALUES (455, 14, 100, '0', '2025-04-04 14:25:36');
INSERT INTO `lockers` VALUES (456, 15, 1, '0', '2025-04-04 14:25:55');
INSERT INTO `lockers` VALUES (457, 15, 2, '0', '2025-04-04 14:25:55');
INSERT INTO `lockers` VALUES (458, 15, 3, '0', '2025-04-04 14:25:55');
INSERT INTO `lockers` VALUES (459, 15, 4, '0', '2025-04-04 14:25:55');
INSERT INTO `lockers` VALUES (460, 15, 5, '0', '2025-04-04 14:25:55');
INSERT INTO `lockers` VALUES (461, 15, 6, '0', '2025-04-04 14:25:55');
INSERT INTO `lockers` VALUES (462, 15, 7, '0', '2025-04-04 14:25:55');
INSERT INTO `lockers` VALUES (463, 15, 8, '0', '2025-04-04 14:25:55');
INSERT INTO `lockers` VALUES (464, 15, 9, '0', '2025-04-04 14:25:55');
INSERT INTO `lockers` VALUES (465, 15, 10, '0', '2025-04-04 14:25:55');
INSERT INTO `lockers` VALUES (466, 15, 11, '0', '2025-04-04 14:25:55');
INSERT INTO `lockers` VALUES (467, 15, 12, '0', '2025-04-04 14:25:55');
INSERT INTO `lockers` VALUES (468, 15, 13, '0', '2025-04-04 14:25:55');
INSERT INTO `lockers` VALUES (469, 15, 14, '0', '2025-04-04 14:25:55');
INSERT INTO `lockers` VALUES (470, 15, 15, '0', '2025-04-04 14:25:55');
INSERT INTO `lockers` VALUES (471, 15, 16, '0', '2025-04-04 14:25:55');
INSERT INTO `lockers` VALUES (472, 15, 17, '0', '2025-04-04 14:25:55');
INSERT INTO `lockers` VALUES (473, 15, 18, '0', '2025-04-04 14:25:55');
INSERT INTO `lockers` VALUES (474, 15, 19, '0', '2025-04-04 14:25:55');
INSERT INTO `lockers` VALUES (475, 15, 20, '0', '2025-04-04 14:25:55');
INSERT INTO `lockers` VALUES (476, 15, 21, '0', '2025-04-04 14:25:55');
INSERT INTO `lockers` VALUES (477, 15, 22, '0', '2025-04-04 14:25:55');
INSERT INTO `lockers` VALUES (478, 15, 23, '0', '2025-04-04 14:25:55');
INSERT INTO `lockers` VALUES (479, 15, 24, '0', '2025-04-04 14:25:55');
INSERT INTO `lockers` VALUES (480, 15, 25, '0', '2025-04-04 14:25:55');
INSERT INTO `lockers` VALUES (481, 15, 26, '0', '2025-04-04 14:25:55');
INSERT INTO `lockers` VALUES (482, 15, 27, '0', '2025-04-04 14:25:55');
INSERT INTO `lockers` VALUES (483, 15, 28, '0', '2025-04-04 14:25:55');
INSERT INTO `lockers` VALUES (484, 15, 29, '0', '2025-04-04 14:25:55');
INSERT INTO `lockers` VALUES (485, 15, 30, '0', '2025-04-04 14:25:55');
INSERT INTO `lockers` VALUES (486, 15, 31, '0', '2025-04-04 14:25:55');
INSERT INTO `lockers` VALUES (487, 15, 32, '0', '2025-04-04 14:25:55');
INSERT INTO `lockers` VALUES (488, 15, 33, '0', '2025-04-04 14:25:55');
INSERT INTO `lockers` VALUES (489, 15, 34, '0', '2025-04-04 14:25:55');
INSERT INTO `lockers` VALUES (490, 15, 35, '0', '2025-04-04 14:25:55');
INSERT INTO `lockers` VALUES (491, 15, 36, '0', '2025-04-04 14:25:55');
INSERT INTO `lockers` VALUES (492, 15, 37, '0', '2025-04-04 14:25:55');
INSERT INTO `lockers` VALUES (493, 15, 38, '0', '2025-04-04 14:25:55');
INSERT INTO `lockers` VALUES (494, 15, 39, '0', '2025-04-04 14:25:55');
INSERT INTO `lockers` VALUES (495, 15, 40, '0', '2025-04-04 14:25:55');
INSERT INTO `lockers` VALUES (496, 15, 41, '0', '2025-04-04 14:25:55');
INSERT INTO `lockers` VALUES (497, 15, 42, '0', '2025-04-04 14:25:55');
INSERT INTO `lockers` VALUES (498, 15, 43, '0', '2025-04-04 14:25:55');
INSERT INTO `lockers` VALUES (499, 15, 44, '0', '2025-04-04 14:25:55');
INSERT INTO `lockers` VALUES (500, 15, 45, '0', '2025-04-04 14:25:55');
INSERT INTO `lockers` VALUES (501, 15, 46, '0', '2025-04-04 14:25:55');
INSERT INTO `lockers` VALUES (502, 15, 47, '0', '2025-04-04 14:25:55');
INSERT INTO `lockers` VALUES (503, 15, 48, '0', '2025-04-04 14:25:55');
INSERT INTO `lockers` VALUES (504, 15, 49, '0', '2025-04-04 14:25:55');
INSERT INTO `lockers` VALUES (505, 15, 50, '0', '2025-04-04 14:25:55');
INSERT INTO `lockers` VALUES (506, 15, 51, '0', '2025-04-04 14:25:55');
INSERT INTO `lockers` VALUES (507, 15, 52, '0', '2025-04-04 14:25:55');
INSERT INTO `lockers` VALUES (508, 15, 53, '0', '2025-04-04 14:25:55');
INSERT INTO `lockers` VALUES (509, 15, 54, '0', '2025-04-04 14:25:55');
INSERT INTO `lockers` VALUES (510, 15, 55, '0', '2025-04-04 14:25:55');
INSERT INTO `lockers` VALUES (511, 15, 56, '0', '2025-04-04 14:25:55');
INSERT INTO `lockers` VALUES (512, 15, 57, '0', '2025-04-04 14:25:55');
INSERT INTO `lockers` VALUES (513, 15, 58, '0', '2025-04-04 14:25:55');
INSERT INTO `lockers` VALUES (514, 15, 59, '0', '2025-04-04 14:25:55');
INSERT INTO `lockers` VALUES (515, 15, 60, '0', '2025-04-04 14:25:55');
INSERT INTO `lockers` VALUES (516, 15, 61, '0', '2025-04-04 14:25:55');
INSERT INTO `lockers` VALUES (517, 15, 62, '0', '2025-04-04 14:25:55');
INSERT INTO `lockers` VALUES (518, 15, 63, '0', '2025-04-04 14:25:55');
INSERT INTO `lockers` VALUES (519, 15, 64, '0', '2025-04-04 14:25:55');
INSERT INTO `lockers` VALUES (520, 15, 65, '0', '2025-04-04 14:25:55');
INSERT INTO `lockers` VALUES (521, 15, 66, '0', '2025-04-04 14:25:55');
INSERT INTO `lockers` VALUES (522, 15, 67, '0', '2025-04-04 14:25:55');
INSERT INTO `lockers` VALUES (523, 15, 68, '0', '2025-04-04 14:25:55');
INSERT INTO `lockers` VALUES (524, 15, 69, '0', '2025-04-04 14:25:55');
INSERT INTO `lockers` VALUES (525, 15, 70, '0', '2025-04-04 14:25:55');
INSERT INTO `lockers` VALUES (526, 15, 71, '0', '2025-04-04 14:25:55');
INSERT INTO `lockers` VALUES (527, 15, 72, '0', '2025-04-04 14:25:55');
INSERT INTO `lockers` VALUES (528, 15, 73, '0', '2025-04-04 14:25:55');
INSERT INTO `lockers` VALUES (529, 15, 74, '0', '2025-04-04 14:25:55');
INSERT INTO `lockers` VALUES (530, 15, 75, '0', '2025-04-04 14:25:55');
INSERT INTO `lockers` VALUES (531, 15, 76, '0', '2025-04-04 14:25:55');
INSERT INTO `lockers` VALUES (532, 15, 77, '0', '2025-04-04 14:25:55');
INSERT INTO `lockers` VALUES (533, 15, 78, '0', '2025-04-04 14:25:55');
INSERT INTO `lockers` VALUES (534, 15, 79, '0', '2025-04-04 14:25:55');
INSERT INTO `lockers` VALUES (535, 15, 80, '0', '2025-04-04 14:25:55');
INSERT INTO `lockers` VALUES (536, 15, 81, '0', '2025-04-04 14:25:55');
INSERT INTO `lockers` VALUES (537, 15, 82, '0', '2025-04-04 14:25:55');
INSERT INTO `lockers` VALUES (538, 15, 83, '0', '2025-04-04 14:25:55');
INSERT INTO `lockers` VALUES (539, 15, 84, '0', '2025-04-04 14:25:55');
INSERT INTO `lockers` VALUES (540, 15, 85, '0', '2025-04-04 14:25:55');
INSERT INTO `lockers` VALUES (541, 15, 86, '0', '2025-04-04 14:25:55');
INSERT INTO `lockers` VALUES (542, 15, 87, '0', '2025-04-04 14:25:55');
INSERT INTO `lockers` VALUES (543, 15, 88, '0', '2025-04-04 14:25:55');
INSERT INTO `lockers` VALUES (544, 15, 89, '0', '2025-04-04 14:25:55');
INSERT INTO `lockers` VALUES (545, 15, 90, '0', '2025-04-04 14:25:55');
INSERT INTO `lockers` VALUES (546, 15, 91, '0', '2025-04-04 14:25:55');
INSERT INTO `lockers` VALUES (547, 15, 92, '0', '2025-04-04 14:25:55');
INSERT INTO `lockers` VALUES (548, 15, 93, '0', '2025-04-04 14:25:55');
INSERT INTO `lockers` VALUES (549, 15, 94, '0', '2025-04-04 14:25:55');
INSERT INTO `lockers` VALUES (550, 15, 95, '0', '2025-04-04 14:25:55');
INSERT INTO `lockers` VALUES (551, 15, 96, '0', '2025-04-04 14:25:55');
INSERT INTO `lockers` VALUES (552, 15, 97, '0', '2025-04-04 14:25:55');
INSERT INTO `lockers` VALUES (553, 15, 98, '0', '2025-04-04 14:25:55');
INSERT INTO `lockers` VALUES (554, 15, 99, '0', '2025-04-04 14:25:55');
INSERT INTO `lockers` VALUES (555, 15, 100, '0', '2025-04-04 14:25:55');
INSERT INTO `lockers` VALUES (556, 15, 101, '0', '2025-04-04 14:25:55');
INSERT INTO `lockers` VALUES (557, 15, 102, '0', '2025-04-04 14:25:55');
INSERT INTO `lockers` VALUES (558, 15, 103, '0', '2025-04-04 14:25:55');
INSERT INTO `lockers` VALUES (559, 15, 104, '0', '2025-04-04 14:25:55');
INSERT INTO `lockers` VALUES (560, 15, 105, '0', '2025-04-04 14:25:55');
INSERT INTO `lockers` VALUES (561, 15, 106, '0', '2025-04-04 14:25:55');
INSERT INTO `lockers` VALUES (562, 15, 107, '0', '2025-04-04 14:25:55');
INSERT INTO `lockers` VALUES (563, 15, 108, '0', '2025-04-04 14:25:55');
INSERT INTO `lockers` VALUES (564, 15, 109, '0', '2025-04-04 14:25:55');
INSERT INTO `lockers` VALUES (565, 15, 110, '0', '2025-04-04 14:25:55');
INSERT INTO `lockers` VALUES (566, 15, 111, '0', '2025-04-04 14:25:55');
INSERT INTO `lockers` VALUES (567, 15, 112, '0', '2025-04-04 14:25:55');
INSERT INTO `lockers` VALUES (568, 15, 113, '0', '2025-04-04 14:25:55');
INSERT INTO `lockers` VALUES (569, 15, 114, '0', '2025-04-04 14:25:55');
INSERT INTO `lockers` VALUES (570, 15, 115, '0', '2025-04-04 14:25:55');
INSERT INTO `lockers` VALUES (571, 15, 116, '0', '2025-04-04 14:25:55');
INSERT INTO `lockers` VALUES (572, 15, 117, '0', '2025-04-04 14:25:55');
INSERT INTO `lockers` VALUES (573, 15, 118, '0', '2025-04-04 14:25:55');
INSERT INTO `lockers` VALUES (574, 15, 119, '0', '2025-04-04 14:25:55');
INSERT INTO `lockers` VALUES (575, 15, 120, '0', '2025-04-04 14:25:55');
INSERT INTO `lockers` VALUES (576, 15, 121, '0', '2025-04-04 14:25:55');
INSERT INTO `lockers` VALUES (577, 15, 122, '0', '2025-04-04 14:25:55');
INSERT INTO `lockers` VALUES (578, 15, 123, '0', '2025-04-04 14:25:55');
INSERT INTO `lockers` VALUES (579, 15, 124, '0', '2025-04-04 14:25:55');
INSERT INTO `lockers` VALUES (580, 15, 125, '0', '2025-04-04 14:25:55');
INSERT INTO `lockers` VALUES (581, 15, 126, '0', '2025-04-04 14:25:55');
INSERT INTO `lockers` VALUES (582, 15, 127, '0', '2025-04-04 14:25:55');
INSERT INTO `lockers` VALUES (583, 15, 128, '0', '2025-04-04 14:25:55');
INSERT INTO `lockers` VALUES (584, 15, 129, '0', '2025-04-04 14:25:55');
INSERT INTO `lockers` VALUES (585, 15, 130, '0', '2025-04-04 14:25:55');
INSERT INTO `lockers` VALUES (586, 15, 131, '0', '2025-04-04 14:25:55');
INSERT INTO `lockers` VALUES (587, 15, 132, '0', '2025-04-04 14:25:55');
INSERT INTO `lockers` VALUES (588, 15, 133, '0', '2025-04-04 14:25:55');
INSERT INTO `lockers` VALUES (589, 15, 134, '0', '2025-04-04 14:25:55');
INSERT INTO `lockers` VALUES (590, 15, 135, '0', '2025-04-04 14:25:55');
INSERT INTO `lockers` VALUES (591, 15, 136, '0', '2025-04-04 14:25:55');
INSERT INTO `lockers` VALUES (592, 15, 137, '0', '2025-04-04 14:25:55');
INSERT INTO `lockers` VALUES (593, 15, 138, '0', '2025-04-04 14:25:55');
INSERT INTO `lockers` VALUES (594, 15, 139, '0', '2025-04-04 14:25:55');
INSERT INTO `lockers` VALUES (595, 15, 140, '0', '2025-04-04 14:25:55');
INSERT INTO `lockers` VALUES (596, 15, 141, '0', '2025-04-04 14:25:55');
INSERT INTO `lockers` VALUES (597, 15, 142, '0', '2025-04-04 14:25:55');
INSERT INTO `lockers` VALUES (598, 15, 143, '0', '2025-04-04 14:25:55');
INSERT INTO `lockers` VALUES (599, 15, 144, '0', '2025-04-04 14:25:55');
INSERT INTO `lockers` VALUES (600, 15, 145, '0', '2025-04-04 14:25:55');
INSERT INTO `lockers` VALUES (601, 15, 146, '0', '2025-04-04 14:25:55');
INSERT INTO `lockers` VALUES (602, 15, 147, '0', '2025-04-04 14:25:55');
INSERT INTO `lockers` VALUES (603, 15, 148, '0', '2025-04-04 14:25:55');
INSERT INTO `lockers` VALUES (604, 15, 149, '0', '2025-04-04 14:25:55');
INSERT INTO `lockers` VALUES (605, 15, 150, '0', '2025-04-04 14:25:55');
INSERT INTO `lockers` VALUES (606, 15, 151, '0', '2025-04-04 14:25:55');
INSERT INTO `lockers` VALUES (607, 15, 152, '0', '2025-04-04 14:25:55');
INSERT INTO `lockers` VALUES (608, 15, 153, '0', '2025-04-04 14:25:55');
INSERT INTO `lockers` VALUES (609, 15, 154, '0', '2025-04-04 14:25:55');
INSERT INTO `lockers` VALUES (610, 15, 155, '0', '2025-04-04 14:25:55');
INSERT INTO `lockers` VALUES (611, 15, 156, '0', '2025-04-04 14:25:55');
INSERT INTO `lockers` VALUES (612, 15, 157, '0', '2025-04-04 14:25:55');
INSERT INTO `lockers` VALUES (613, 15, 158, '0', '2025-04-04 14:25:55');
INSERT INTO `lockers` VALUES (614, 15, 159, '0', '2025-04-04 14:25:55');
INSERT INTO `lockers` VALUES (615, 15, 160, '0', '2025-04-04 14:25:55');
INSERT INTO `lockers` VALUES (616, 15, 161, '0', '2025-04-04 14:25:55');
INSERT INTO `lockers` VALUES (617, 15, 162, '0', '2025-04-04 14:25:55');
INSERT INTO `lockers` VALUES (618, 15, 163, '0', '2025-04-04 14:25:55');
INSERT INTO `lockers` VALUES (619, 15, 164, '0', '2025-04-04 14:25:55');
INSERT INTO `lockers` VALUES (620, 15, 165, '0', '2025-04-04 14:25:55');
INSERT INTO `lockers` VALUES (621, 15, 166, '0', '2025-04-04 14:25:55');
INSERT INTO `lockers` VALUES (622, 15, 167, '0', '2025-04-04 14:25:55');
INSERT INTO `lockers` VALUES (623, 15, 168, '0', '2025-04-04 14:25:55');
INSERT INTO `lockers` VALUES (624, 15, 169, '0', '2025-04-04 14:25:55');
INSERT INTO `lockers` VALUES (625, 15, 170, '0', '2025-04-04 14:25:55');
INSERT INTO `lockers` VALUES (626, 15, 171, '0', '2025-04-04 14:25:55');
INSERT INTO `lockers` VALUES (627, 15, 172, '0', '2025-04-04 14:25:55');
INSERT INTO `lockers` VALUES (628, 15, 173, '0', '2025-04-04 14:25:55');
INSERT INTO `lockers` VALUES (629, 15, 174, '0', '2025-04-04 14:25:55');
INSERT INTO `lockers` VALUES (630, 15, 175, '0', '2025-04-04 14:25:55');
INSERT INTO `lockers` VALUES (631, 15, 176, '0', '2025-04-04 14:25:55');
INSERT INTO `lockers` VALUES (632, 15, 177, '0', '2025-04-04 14:25:55');
INSERT INTO `lockers` VALUES (633, 15, 178, '0', '2025-04-04 14:25:55');
INSERT INTO `lockers` VALUES (634, 15, 179, '0', '2025-04-04 14:25:55');
INSERT INTO `lockers` VALUES (635, 15, 180, '0', '2025-04-04 14:25:55');
INSERT INTO `lockers` VALUES (636, 15, 181, '0', '2025-04-04 14:25:55');
INSERT INTO `lockers` VALUES (637, 15, 182, '0', '2025-04-04 14:25:55');
INSERT INTO `lockers` VALUES (638, 15, 183, '0', '2025-04-04 14:25:55');
INSERT INTO `lockers` VALUES (639, 15, 184, '0', '2025-04-04 14:25:55');
INSERT INTO `lockers` VALUES (640, 15, 185, '0', '2025-04-04 14:25:55');
INSERT INTO `lockers` VALUES (641, 15, 186, '0', '2025-04-04 14:25:55');
INSERT INTO `lockers` VALUES (642, 15, 187, '0', '2025-04-04 14:25:55');
INSERT INTO `lockers` VALUES (643, 15, 188, '0', '2025-04-04 14:25:55');
INSERT INTO `lockers` VALUES (644, 15, 189, '0', '2025-04-04 14:25:55');
INSERT INTO `lockers` VALUES (645, 15, 190, '0', '2025-04-04 14:25:55');
INSERT INTO `lockers` VALUES (646, 15, 191, '0', '2025-04-04 14:25:55');
INSERT INTO `lockers` VALUES (647, 15, 192, '0', '2025-04-04 14:25:55');
INSERT INTO `lockers` VALUES (648, 15, 193, '0', '2025-04-04 14:25:55');
INSERT INTO `lockers` VALUES (649, 15, 194, '0', '2025-04-04 14:25:55');
INSERT INTO `lockers` VALUES (650, 15, 195, '0', '2025-04-04 14:25:55');
INSERT INTO `lockers` VALUES (651, 15, 196, '0', '2025-04-04 14:25:55');
INSERT INTO `lockers` VALUES (652, 15, 197, '0', '2025-04-04 14:25:55');
INSERT INTO `lockers` VALUES (653, 15, 198, '0', '2025-04-04 14:25:55');
INSERT INTO `lockers` VALUES (654, 15, 199, '0', '2025-04-04 14:25:55');
INSERT INTO `lockers` VALUES (655, 15, 200, '0', '2025-04-04 14:25:55');

-- ----------------------------
-- Table structure for orders
-- ----------------------------
DROP TABLE IF EXISTS `orders`;
CREATE TABLE `orders`  (
  `order_id` bigint NOT NULL AUTO_INCREMENT,
  `user_id` bigint NOT NULL,
  `school_id` bigint NOT NULL,
  `locker_id` bigint NULL DEFAULT NULL,
  `laundry_items_id` bigint NOT NULL,
  `total_price` decimal(10, 2) NULL DEFAULT NULL COMMENT '总价',
  `created_at` timestamp NULL DEFAULT CURRENT_TIMESTAMP,
  `updated_at` timestamp NULL DEFAULT CURRENT_TIMESTAMP ON UPDATE CURRENT_TIMESTAMP,
  `status` varchar(10) CHARACTER SET utf16 COLLATE utf16_bin NULL DEFAULT '0' COMMENT '\'0\', -- \'已取消\'-> -2 \'已退款\'-> -1 \'待支付\'->0 \'待寄件\'->1 \'已收取\'->2, \'清洗中\'->3, \'已烘干\'->4, \'配送中\'->5, \'待取件\'->6, \'已完成\'->7',
  `pickup_code` varchar(100) CHARACTER SET utf16 COLLATE utf16_bin NULL DEFAULT NULL,
  `order_no` varchar(100) CHARACTER SET utf16 COLLATE utf16_bin NULL DEFAULT '',
  `user_coupon_id` bigint NULL DEFAULT NULL COMMENT '所使用的优惠券 ID',
  `pay_price` decimal(10, 2) NULL DEFAULT NULL COMMENT '需要支付的金额',
  PRIMARY KEY (`order_id`) USING BTREE,
  UNIQUE INDEX `pickup_code`(`pickup_code` ASC) USING BTREE
) ENGINE = InnoDB AUTO_INCREMENT = 96 CHARACTER SET = utf16 COLLATE = utf16_bin ROW_FORMAT = Dynamic;

-- ----------------------------
-- Table structure for payments
-- ----------------------------
DROP TABLE IF EXISTS `payments`;
CREATE TABLE `payments`  (
  `payment_id` bigint NOT NULL AUTO_INCREMENT,
  `order_id` bigint NOT NULL,
  `user_id` bigint NOT NULL,
  `amount` decimal(10, 2) NOT NULL,
  `payment_method` varchar(10) CHARACTER SET utf16 COLLATE utf16_bin NOT NULL COMMENT '\'钱包余额\' - 1, \'支付宝\' - 2, \'微信\' - 3',
  `status` varchar(10) CHARACTER SET utf16 COLLATE utf16_bin NULL DEFAULT '0' COMMENT '\'待支付\'-0, \'已支付\'-1, \'失败\'-2',
  `paid_at` timestamp NULL DEFAULT NULL ON UPDATE CURRENT_TIMESTAMP,
  PRIMARY KEY (`payment_id`) USING BTREE
) ENGINE = InnoDB AUTO_INCREMENT = 32 CHARACTER SET = utf16 COLLATE = utf16_bin ROW_FORMAT = Dynamic;
 
-- ----------------------------
-- Table structure for recharge_records
-- ----------------------------
DROP TABLE IF EXISTS `recharge_records`;
CREATE TABLE `recharge_records`  (
  `record_id` bigint NOT NULL AUTO_INCREMENT,
  `user_id` bigint NOT NULL,
  `amount` decimal(10, 2) NOT NULL,
  `recharge_time` timestamp NULL DEFAULT CURRENT_TIMESTAMP,
  `recharge_type` varchar(10) CHARACTER SET utf16 COLLATE utf16_bin NOT NULL COMMENT '充值类型，1--微信支付，2--支付宝支付',
  PRIMARY KEY (`record_id`) USING BTREE
) ENGINE = InnoDB AUTO_INCREMENT = 25 CHARACTER SET = utf16 COLLATE = utf16_bin ROW_FORMAT = Dynamic;
 
-- ----------------------------
-- Table structure for roles
-- ----------------------------
DROP TABLE IF EXISTS `roles`;
CREATE TABLE `roles`  (
  `role_id` int NOT NULL AUTO_INCREMENT,
  `role_name` varchar(255) CHARACTER SET utf16 COLLATE utf16_bin NOT NULL,
  `description` varchar(255) CHARACTER SET utf16 COLLATE utf16_bin NULL DEFAULT NULL COMMENT '角色描述',
  `created_at` timestamp NULL DEFAULT CURRENT_TIMESTAMP ON UPDATE CURRENT_TIMESTAMP,
  PRIMARY KEY (`role_id`) USING BTREE
) ENGINE = InnoDB AUTO_INCREMENT = 3 CHARACTER SET = utf16 COLLATE = utf16_bin ROW_FORMAT = Dynamic;

-- ----------------------------
-- Records of roles
-- ----------------------------
INSERT INTO `roles` VALUES (1, 'root', '超级管理员', '2025-03-09 11:18:37');
INSERT INTO `roles` VALUES (2, 'schools_admin', '学校管理员', '2025-03-09 11:18:56');
INSERT INTO `roles` VALUES (3, 'plant', '厂房管理员', '2025-03-09 11:19:32');

-- ----------------------------
-- Table structure for schools
-- ----------------------------
DROP TABLE IF EXISTS `schools`;
CREATE TABLE `schools`  (
  `school_id` bigint NOT NULL AUTO_INCREMENT,
  `school_name` varchar(255) CHARACTER SET utf16 COLLATE utf16_bin NOT NULL,
  `location` varchar(255) CHARACTER SET utf16 COLLATE utf16_bin NOT NULL,
  `locker_count` int NULL DEFAULT 200,
  `created_at` timestamp NULL DEFAULT CURRENT_TIMESTAMP,
  PRIMARY KEY (`school_id`) USING BTREE,
  UNIQUE INDEX `school_name`(`school_name` ASC) USING BTREE
) ENGINE = InnoDB AUTO_INCREMENT = 16 CHARACTER SET = utf16 COLLATE = utf16_bin ROW_FORMAT = Dynamic;

-- ----------------------------
-- Records of schools
-- ----------------------------
INSERT INTO `schools` VALUES (1, '衡阳江山学校', '湖南省衡阳市衡阳县西渡镇S336(蒸阳大道)', 200, '2025-03-08 08:33:47');
INSERT INTO `schools` VALUES (4, '衡阳市新民中学', '湖南省衡阳市蒸湘区呆鹰岭镇新民村134号', 200, '2025-03-08 08:33:51');
INSERT INTO `schools` VALUES (5, '衡阳县第五中学', '湖南省衡阳市衡阳县镇洪市街', 200, '2025-03-08 08:33:54');
INSERT INTO `schools` VALUES (6, '衡阳县第二中学', '湖南省衡阳市衡阳县渣江镇赤石村茶冲组33号', 200, '2025-03-08 08:33:56');
INSERT INTO `schools` VALUES (11, '衡阳县第三中学', '湖南省衡阳市衡阳县米子路82号', 50, '2025-03-10 15:28:00');
INSERT INTO `schools` VALUES (12, '衡阳市船山实验中学', '湖南省衡阳市蒸湘区延安路32号', 100, '2025-04-04 14:25:13');
INSERT INTO `schools` VALUES (13, '衡阳市扶轮中学', '衡阳市珠晖区东风南路308号', 200, '2025-04-04 14:25:25');
INSERT INTO `schools` VALUES (14, '湖南省衡阳县第一中学', '衡阳市衡阳县城西大道39号', 100, '2025-04-04 14:25:36');
INSERT INTO `schools` VALUES (15, '衡阳市第一中学', '衡阳市蒸湘区西二环路51号街区', 200, '2025-04-04 14:25:55');

-- ----------------------------
-- Table structure for user_coupon
-- ----------------------------
DROP TABLE IF EXISTS `user_coupon`;
CREATE TABLE `user_coupon`  (
  `user_coupon_id` bigint NOT NULL AUTO_INCREMENT COMMENT '用户优惠券记录 ID',
  `user_id` bigint NOT NULL,
  `coupon_id` bigint NOT NULL,
  `is_used` tinyint(1) NULL DEFAULT 0 COMMENT '是否已使用',
  `used_at` timestamp NULL DEFAULT NULL COMMENT '使用时间',
  `received_at` timestamp NULL DEFAULT CURRENT_TIMESTAMP COMMENT '领取时间',
  `order_id` bigint NULL DEFAULT NULL COMMENT '使用该优惠券的订单 ID',
  `expired_at` timestamp NOT NULL COMMENT '该用户券实际过期时间',
  PRIMARY KEY (`user_coupon_id`) USING BTREE
) ENGINE = InnoDB AUTO_INCREMENT = 5 CHARACTER SET = utf16 COLLATE = utf16_bin COMMENT = '用户领取优惠券记录表' ROW_FORMAT = Dynamic;
 

-- ----------------------------
-- Table structure for users
-- ----------------------------
DROP TABLE IF EXISTS `users`;
CREATE TABLE `users`  (
  `user_id` bigint NOT NULL AUTO_INCREMENT,
  `school_id` bigint NULL DEFAULT NULL,
  `phone_number` varchar(20) CHARACTER SET utf16 COLLATE utf16_bin NOT NULL,
  `student_id` varchar(50) CHARACTER SET utf16 COLLATE utf16_bin NULL DEFAULT NULL,
  `campus_card` varchar(50) CHARACTER SET utf16 COLLATE utf16_bin NULL DEFAULT NULL,
  `password` varchar(255) CHARACTER SET utf16 COLLATE utf16_bin NOT NULL,
  `balance` decimal(10, 2) NULL DEFAULT 0.00,
  `created_at` timestamp NULL DEFAULT CURRENT_TIMESTAMP,
  PRIMARY KEY (`user_id`) USING BTREE,
  UNIQUE INDEX `phone_number`(`phone_number` ASC) USING BTREE,
  UNIQUE INDEX `student_id`(`student_id` ASC) USING BTREE
) ENGINE = InnoDB AUTO_INCREMENT = 16 CHARACTER SET = utf16 COLLATE = utf16_bin ROW_FORMAT = Dynamic;
 
SET FOREIGN_KEY_CHECKS = 1;
